statement,true_label_id,true_label,predicted_label_id,predicted_label,prob_fake,prob_real,confidence,correct,token_length,error_type,length_group
building a wall on the u. s. - mexico border will take literally years.,1,REAL,0,FAKE,0.9499503,0.05004979,0.9499503,False,19,REAL_TO_FAKE,17-32
says the unemployment rate for college graduates is 4. 4 percent and over 10 percent for noncollege - educated.,1,REAL,0,FAKE,0.97562575,0.024374261,0.97562575,False,25,REAL_TO_FAKE,17-32
"each year, 18, 000 people die in america because they don't have health care.",1,REAL,0,FAKE,0.924644,0.07535602,0.924644,False,21,REAL_TO_FAKE,17-32
there have not been any public safety issues in cities that allow transgender people to use the bathroom of the gender they identify as.,1,REAL,0,FAKE,0.9679585,0.032041498,0.9679585,False,27,REAL_TO_FAKE,17-32
"contends that president obama literally said ( if ) his cap - and - trade proposals were to pass, that utility rates, his words now, would, necessarily skyrocket.",1,REAL,0,FAKE,0.9556803,0.04431967,0.9556803,False,38,REAL_TO_FAKE,33-64
the united states has a low voter turnout rate.,1,REAL,0,FAKE,0.6754877,0.32451233,0.6754877,False,12,REAL_TO_FAKE,1-16
"in massachusetts, scott brown pushed for a law to force women considering abortion - - force them - - to look at color photographs of developing fetuses.",1,REAL,0,FAKE,0.7162689,0.28373113,0.7162689,False,33,REAL_TO_FAKE,33-64
"the fed created $ 1. 2 trillion out of nothing, gave it to banks, and some of them foreign banks, so that they could stabilize their operations.",1,REAL,0,FAKE,0.9158715,0.084128566,0.9158715,False,34,REAL_TO_FAKE,33-64
hes the only candidate whos balanced budgets and brought jobs to providence.,1,REAL,0,FAKE,0.97917557,0.020824462,0.97917557,False,17,REAL_TO_FAKE,17-32
says marco rubio said social security and medicare haveweakened us as a people.,1,REAL,0,FAKE,0.92006105,0.079938956,0.92006105,False,20,REAL_TO_FAKE,17-32
"across the country, $ 174 billion of the recovery act have been committed in its first 130 days.",1,REAL,0,FAKE,0.89707917,0.10292084,0.89707917,False,22,REAL_TO_FAKE,17-32
the texas department of transportation... misplaced a billion dollars.,1,REAL,0,FAKE,0.9400964,0.059903596,0.9400964,False,16,REAL_TO_FAKE,1-16
"pepper... kicked off a jock tax, imposing a levy on the sports and entertainment industry.",1,REAL,0,FAKE,0.9653814,0.034618665,0.9653814,False,22,REAL_TO_FAKE,17-32
"under mayor tom barrett, the number of milwaukee police officers has not increased.",1,REAL,0,FAKE,0.984577,0.015422988,0.984577,False,17,REAL_TO_FAKE,17-32
putting three republicans in my cabinet... is unprecedented.,1,REAL,0,FAKE,0.7515952,0.24840486,0.7515952,False,14,REAL_TO_FAKE,1-16
"as a result of climate change, ice fishermen in wisconsin are already noticing fewer days they can be out on our ice covered lakes.",1,REAL,0,FAKE,0.87114185,0.12885812,0.87114185,False,28,REAL_TO_FAKE,17-32
iran president hassan rouhani has more cabinet members with ph. d. s from american universities than members of barack obamas cabinet.,1,REAL,0,FAKE,0.8095846,0.19041543,0.8095846,False,29,REAL_TO_FAKE,17-32
"the words subhuman mongrel, which ted nugent called president barack obama, were used by the nazis to justify the genocide of the jewish community.",1,REAL,0,FAKE,0.9685242,0.03147578,0.9685242,False,34,REAL_TO_FAKE,33-64
"says u. s. sen. ron johnson led the fight to let polluters release unlimited amounts of carbon pollution and took nearly $ 225, 000 from polluters.",1,REAL,0,FAKE,0.8706892,0.12931077,0.8706892,False,37,REAL_TO_FAKE,33-64
orrin hatch co - sponsored a 1993 health care bill that had an individual mandate.,1,REAL,0,FAKE,0.7321959,0.26780412,0.7321959,False,19,REAL_TO_FAKE,17-32
wisconsin is dead last in the midwest for job creation.,1,REAL,0,FAKE,0.8831965,0.116803534,0.8831965,False,13,REAL_TO_FAKE,1-16
"says president barack obama has taken 92 days of vacation since he was sworn in, compared to 367 for president george w. bush at the same point in his presidency.",1,REAL,0,FAKE,0.82754105,0.17245902,0.82754105,False,36,REAL_TO_FAKE,33-64
tom suozzi raised taxes by hundreds of millions of dollars as nassau county executive.,1,REAL,0,FAKE,0.70838773,0.29161224,0.70838773,False,19,REAL_TO_FAKE,17-32
says bill nelson voted 98 percent of the time with barack obama.,1,REAL,0,FAKE,0.7568695,0.24313052,0.7568695,False,15,REAL_TO_FAKE,1-16
"says nfl commissioner roger goodell interviewed domestic abuse victim janay rice with ray rice present and for every domestic violence agency, every law enforcement agency, thats a no - no.",1,REAL,0,FAKE,0.8392486,0.16075137,0.8392486,False,38,REAL_TO_FAKE,33-64
"the sex - offender registry has been around for a long time, and the research thats out there says that it has no positive impact on the public safety.",1,REAL,0,FAKE,0.9606909,0.039309107,0.9606909,False,34,REAL_TO_FAKE,33-64
"quite frankly, it was during the bush years of spending, multiplied now by the obama years that we have this mess.",1,REAL,0,FAKE,0.7202814,0.27971855,0.7202814,False,26,REAL_TO_FAKE,17-32
the united states has the longest surviving constitution.,1,REAL,0,FAKE,0.53246,0.46754006,0.53246,False,11,REAL_TO_FAKE,1-16
"says, in oregon in 2010, 49 percent of all pregnancies were unintended.",1,REAL,0,FAKE,0.93295044,0.06704961,0.93295044,False,21,REAL_TO_FAKE,17-32
says states mandated tests come from an english company.,1,REAL,0,FAKE,0.9404289,0.059571113,0.9404289,False,12,REAL_TO_FAKE,1-16
sixteen million jobs were created under ronald reagans presidency.,1,REAL,0,FAKE,0.8979543,0.1020457,0.8979543,False,13,REAL_TO_FAKE,1-16
barack obama... 96 percent of his votes have been solely along party line.,1,REAL,0,FAKE,0.7815173,0.21848266,0.7815173,False,19,REAL_TO_FAKE,17-32
pasco county schools have graduation rates substantially higher than the state average and dropout rates below the state average.,1,REAL,0,FAKE,0.9741002,0.025899779,0.9741002,False,24,REAL_TO_FAKE,17-32
eighty - five percent of the states in the united states that had electrocution have now abolished it.,1,REAL,0,FAKE,0.5523795,0.4476205,0.5523795,False,23,REAL_TO_FAKE,17-32
today many florida teachers are at risk of having their pay impacted by the performance of children who are not even in their classrooms or subject areas.,1,REAL,0,FAKE,0.83661616,0.16338387,0.83661616,False,30,REAL_TO_FAKE,17-32
"says 315, 000 mostly minority texas students are enrolled in failing schools.",1,REAL,0,FAKE,0.98127043,0.018729605,0.98127043,False,16,REAL_TO_FAKE,1-16
i said no to these big bank bailouts.,1,REAL,0,FAKE,0.984868,0.015132051,0.984868,False,12,REAL_TO_FAKE,1-16
property taxes have increased 20 percent under four years of chris christie.,1,REAL,0,FAKE,0.90412486,0.09587514,0.90412486,False,15,REAL_TO_FAKE,1-16
"when it comes to income taxes, wisconsin is one of the best places in the country to be poor but top 4 or 5 worst for middle - income earners.",1,REAL,0,FAKE,0.84007573,0.15992433,0.84007573,False,35,REAL_TO_FAKE,33-64
"says, when this governor came to office, he had ( an ) 11 billion dollar - i call it mismanagement deficit.",1,REAL,0,FAKE,0.86812186,0.13187814,0.86812186,False,28,REAL_TO_FAKE,17-32
obama said he would unilaterally renegotiate the north american free trade agreement.,1,REAL,0,FAKE,0.8897577,0.11024233,0.8897577,False,21,REAL_TO_FAKE,17-32
"it costs $ 10, 000 a year to keep a child in school ; it costs $ 30, 000 a year to keep someone in prison.",1,REAL,0,FAKE,0.5061678,0.4938322,0.5061678,False,31,REAL_TO_FAKE,17-32
on federal stimulus money for expanding rail service.,1,REAL,0,FAKE,0.9766938,0.023306204,0.9766938,False,11,REAL_TO_FAKE,1-16
georgia loses millions of dollars of revenue because people go out of state to buy fireworks.,1,REAL,0,FAKE,0.87805,0.12195002,0.87805,False,19,REAL_TO_FAKE,17-32
"says that in 2015, illegal immigrants accounted for 75 percent of federal drug possession convictions and 5 percent to 30 percent of convictions for murder and kidnapping plus two other crimes.",1,REAL,0,FAKE,0.60324955,0.39675042,0.60324955,False,35,REAL_TO_FAKE,33-64
"the clinton foundation is a charity where president and secretary clinton and their daughter, they take no salary, they get no money from it, they take no personal benefit from it.",1,REAL,0,FAKE,0.9884688,0.011531139,0.9884688,False,37,REAL_TO_FAKE,33-64
it is already in the law that there is a requirement to screen ( refugees ) for religion.,1,REAL,0,FAKE,0.6389691,0.36103082,0.6389691,False,21,REAL_TO_FAKE,17-32
austin has more lobbyists working for it than any other municipality in texas.,1,REAL,0,FAKE,0.64853734,0.35146266,0.64853734,False,17,REAL_TO_FAKE,17-32
"the keystone pipeline creates 35 permanent jobs after construction, according to a government report.",1,REAL,0,FAKE,0.91199136,0.08800866,0.91199136,False,18,REAL_TO_FAKE,17-32
"says a youtube video shows thomas dimassimo, the man who rushed trump at an ohio rally, dragging the american flag on the ground like it was a piece of garbage.",1,REAL,0,FAKE,0.92494404,0.07505599,0.92494404,False,37,REAL_TO_FAKE,33-64
"obama worked with "" sen. dick lugar, a republican, to help lock down loose nuclear weapons. """,1,REAL,0,FAKE,0.78080994,0.21919008,0.78080994,False,24,REAL_TO_FAKE,17-32
says his state budget will provide an increase in state funding for the 2011 - 12 school year.,1,REAL,0,FAKE,0.6181095,0.38189048,0.6181095,False,21,REAL_TO_FAKE,17-32
sayvideo shows massive alligator strolling across florida golf course.,1,REAL,0,FAKE,0.98618895,0.01381106,0.98618895,False,15,REAL_TO_FAKE,1-16
"if you look at the number of illegal immigrants coming into the country, it is net zero. its been that way now for almost two years.",1,REAL,0,FAKE,0.51987404,0.48012596,0.51987404,False,31,REAL_TO_FAKE,17-32
"from now on, we have to pay the russians $ 50 million an astronaut to send americans to the space station",1,REAL,0,FAKE,0.7845461,0.21545395,0.7845461,False,24,REAL_TO_FAKE,17-32
"says tom ganley has been sued over 400 times, for fraud, discrimination and more, and a judge called tom ganleys business practices deceptive and unconscionable.",1,REAL,0,FAKE,0.6452548,0.35474518,0.6452548,False,39,REAL_TO_FAKE,33-64
"the war on drugs led to a 500 percent increase in incarceration in our country, disproportionately affecting poor and disproportionately affecting minorities.",1,REAL,0,FAKE,0.93845046,0.061549485,0.93845046,False,38,REAL_TO_FAKE,33-64
charlie crist allowed college tuition to increase up to 15 percent every year.,1,REAL,0,FAKE,0.87007916,0.12992086,0.87007916,False,17,REAL_TO_FAKE,17-32
"tommy thompson created the first school choice program in the nation, giving thousands of milwaukee students the choice of where they go to school no matter where they live or how much money their parents make.",1,REAL,0,FAKE,0.84862334,0.15137668,0.84862334,False,40,REAL_TO_FAKE,33-64
says the main central texas food bank is delivering 50 percent more food to the poor than three years ago.,1,REAL,0,FAKE,0.9813632,0.018636823,0.9813632,False,23,REAL_TO_FAKE,17-32
"the baucus bill "" contains provisions that would send massive federal subsidies directly to both private insurance plans and government - chartered cooperatives that pay for elective abortion. """,1,REAL,0,FAKE,0.9426594,0.057340607,0.9426594,False,36,REAL_TO_FAKE,33-64
"obama "" won health care for 150, 000 people. """,1,REAL,0,FAKE,0.9808365,0.0191635,0.9808365,False,14,REAL_TO_FAKE,1-16
"the cbo says that if you raise the minimum wage to $ 10. 10 an hour, half a million people would lose their jobs.",1,REAL,0,FAKE,0.9204255,0.07957454,0.9204255,False,30,REAL_TO_FAKE,17-32
state governments have little ability to stimulate job growth in the short run.,1,REAL,0,FAKE,0.90400344,0.09599658,0.90400344,False,16,REAL_TO_FAKE,1-16
"sarah palin "" already has more executive experience "" than barack obama and joe biden "" combined. """,1,REAL,0,FAKE,0.91394395,0.08605604,0.91394395,False,23,REAL_TO_FAKE,17-32
"two months ago, donald trump said that isis was not our fight.",1,REAL,0,FAKE,0.73921585,0.26078418,0.73921585,False,16,REAL_TO_FAKE,1-16
nothing in the constitution explicitly guarantees our right to vote.,1,REAL,0,FAKE,0.57352495,0.42647508,0.57352495,False,13,REAL_TO_FAKE,1-16
says gov. scott walkers proposed state budget contained 110 pages of errors - - an unusually high number - - and millions of dollars worth of mistakes that were corrected with a follow - up document.,1,REAL,0,FAKE,0.76731443,0.23268555,0.76731443,False,40,REAL_TO_FAKE,33-64
takes credit for substantially reducing the size of the state workforce.,1,REAL,0,FAKE,0.93905413,0.060945835,0.93905413,False,14,REAL_TO_FAKE,1-16
"if you look at most of the polls, this is a margin - of - error race on fourth of july between mitt romney and the president.",1,REAL,0,FAKE,0.8760373,0.12396272,0.8760373,False,32,REAL_TO_FAKE,17-32
rooting for the red sox is like rooting for the drug companies.,1,REAL,0,FAKE,0.9130492,0.086950734,0.9130492,False,17,REAL_TO_FAKE,17-32
on allowing a vote on universal gun background checks in the u. s. senate.,1,REAL,0,FAKE,0.9048448,0.09515522,0.9048448,False,19,REAL_TO_FAKE,17-32
obama has more czars than the romanovs.,1,REAL,0,FAKE,0.9889741,0.011025913,0.9889741,False,13,REAL_TO_FAKE,1-16
"says opponent u. s. rep. gwen moore is wisconsins most absent member of congress, missing nearly 17 percent of the house votes in the second quarter of 2012.",1,REAL,0,FAKE,0.94984466,0.05015531,0.94984466,False,36,REAL_TO_FAKE,33-64
"when these same republicans - including mr. boehner - were in charge, the number of earmarks and pet projects went up, not down.",1,REAL,0,FAKE,0.9364372,0.06356278,0.9364372,False,32,REAL_TO_FAKE,17-32
heroin.. pours across our southern borders.,1,REAL,0,FAKE,0.9788117,0.021188363,0.9788117,False,12,REAL_TO_FAKE,1-16
"sen. mccain was already turning his sights to iraq just days after 9 / 11, and he became a leading supporter of an invasion and occupation of ( iraq ).",1,REAL,0,FAKE,0.70696425,0.29303575,0.70696425,False,35,REAL_TO_FAKE,33-64
"brazil built a $ 300 million stadium in the amazon rainforest that is only going to be used for four world cup games, and theres no team that can fill it afterwards.",1,REAL,0,FAKE,0.6509726,0.3490274,0.6509726,False,37,REAL_TO_FAKE,33-64
"we have an army that just cut 40, 000 spots.",1,REAL,0,FAKE,0.94105536,0.058944605,0.94105536,False,14,REAL_TO_FAKE,1-16
"in south sudan, more teenage girls die in childbirth than finish high school.",1,REAL,0,FAKE,0.68949693,0.31050307,0.68949693,False,17,REAL_TO_FAKE,17-32
"a lot of the ideas in terms of the ( health insurance ) exchange, just being able to pool and improve the purchasing power of individuals in the insurance market, that originated from the heritage foundation.",1,REAL,0,FAKE,0.87953335,0.120466694,0.87953335,False,41,REAL_TO_FAKE,33-64
"the state election board has issued nearly $ 275, 000 in fines to violators of absentee ballot laws.",1,REAL,0,FAKE,0.51629835,0.48370168,0.51629835,False,24,REAL_TO_FAKE,17-32
my supporters arent special interest groups in madison and milwaukee.,1,REAL,0,FAKE,0.9867269,0.013273152,0.9867269,False,14,REAL_TO_FAKE,1-16
"there is no war on coal. period. there are more coal jobs and more coal produced in ohio than there were five years ago, in spite of the talking points and the yard signs.",1,REAL,0,FAKE,0.9723531,0.027646897,0.9723531,False,40,REAL_TO_FAKE,33-64
"in syria, we struck a deal where we got 100 percent of the chemical weapons out.",1,REAL,0,FAKE,0.7273722,0.27262777,0.7273722,False,20,REAL_TO_FAKE,17-32
"we had a three - hour debate, no discussion about the national debt, very little about the economy.",1,REAL,0,FAKE,0.90405023,0.09594977,0.90405023,False,23,REAL_TO_FAKE,17-32
obama - nelson economic record : job creation... at slowest post - recession rate since great depression.,1,REAL,0,FAKE,0.98624146,0.013758584,0.98624146,False,24,REAL_TO_FAKE,17-32
more women are graduating from college now than men.,1,REAL,0,FAKE,0.6976627,0.30233726,0.6976627,False,12,REAL_TO_FAKE,1-16
"when i withdrew in june of 2008, polls were showing that at least 40 percent of my supporters said, oh, they werent going to support sen. obama.",1,REAL,0,FAKE,0.68693686,0.3130631,0.68693686,False,35,REAL_TO_FAKE,33-64
"when students leave our high schools and they go to the community college, 70 - 75 percent of them have to pay to take remedial math.",1,REAL,0,FAKE,0.8493198,0.15068011,0.8493198,False,32,REAL_TO_FAKE,17-32
"first, he was in favor of my plan, now he's attacking it.",1,REAL,0,FAKE,0.9790592,0.020940743,0.9790592,False,19,REAL_TO_FAKE,17-32
says president barack obamas approval rating gained 3 points in the last couple months.,1,REAL,0,FAKE,0.94516265,0.054837335,0.94516265,False,18,REAL_TO_FAKE,17-32
"in the city of milwaukee, weve still got a mayor and a police chief who are furloughing police officers at a time when we have violence all across the city.",1,REAL,0,FAKE,0.9379852,0.06201477,0.9379852,False,38,REAL_TO_FAKE,33-64
"his new running mate, congressman ryan, put forward a plan that would let governor romney pay less than 1 percent in taxes each year.",1,REAL,0,FAKE,0.7383781,0.2616219,0.7383781,False,29,REAL_TO_FAKE,17-32
the war in afghanistan is officially the longest war americans have ever been asked to endure.,1,REAL,0,FAKE,0.6233222,0.37667784,0.6233222,False,19,REAL_TO_FAKE,17-32
individuals and small businesses will be hit by increases in health insurance premiums as high as 39 percent.,1,REAL,0,FAKE,0.97711223,0.022887837,0.97711223,False,22,REAL_TO_FAKE,17-32
says barack obamas comments indicate he believes in redistribution of wealth.,1,REAL,0,FAKE,0.8261442,0.17385577,0.8261442,False,15,REAL_TO_FAKE,1-16
the problem of unwanted sexual contacts in the military is not just a womans issue. more than half of the victims are men.,1,REAL,0,FAKE,0.9353482,0.06465173,0.9353482,False,28,REAL_TO_FAKE,17-32
says a study shows that children who live with a biological parent and the parents boyfriend or girlfriend have a 20 times greater chance of being sexually abused.,1,REAL,0,FAKE,0.9287724,0.07122766,0.9287724,False,31,REAL_TO_FAKE,17-32
"today california is kicking our butt, creating more jobs and more economic growth than texas.",1,REAL,0,FAKE,0.9081838,0.09181615,0.9081838,False,19,REAL_TO_FAKE,17-32
i have something in common with my husband. he never carried caucuses either. he lost all of the ones that i've lost.,1,REAL,0,FAKE,0.8966231,0.1033769,0.8966231,False,30,REAL_TO_FAKE,17-32
both the democratic and republican candidates for president in 2016 are quite unpopular.,1,REAL,0,FAKE,0.94462913,0.05537092,0.94462913,False,16,REAL_TO_FAKE,1-16
he was a member of the iraq study group and was either fired or quit from a very important commission that was trying to figure out the way forward in iraq.,1,REAL,0,FAKE,0.7149891,0.28501084,0.7149891,False,34,REAL_TO_FAKE,33-64
"in the 2014 election, 80 percentofpoor people did not vote.",1,REAL,0,FAKE,0.52940595,0.47059408,0.52940595,False,17,REAL_TO_FAKE,17-32
says the nike bill is not a tax break... this does not lower the taxes that nike will pay nor does it prevent the legislature from raising those taxes in the future.,1,REAL,0,FAKE,0.5687053,0.43129465,0.5687053,False,38,REAL_TO_FAKE,33-64
ninety - seven percent of americans do not receive subsidies for health care under the affordable care act.,1,REAL,0,FAKE,0.91677827,0.083221756,0.91677827,False,21,REAL_TO_FAKE,17-32
"we have empowered state insurance commissioners to review the rate hikes that are taking place in states. and in some states like north carolina, they have already used it and rolled back premium increases by 25 percent.",1,REAL,0,FAKE,0.84735245,0.1526475,0.84735245,False,43,REAL_TO_FAKE,33-64
"a mortgage buyback plan is "" my proposal, it's not sen. obama's proposal, it's not president bush's proposal. """,1,REAL,0,FAKE,0.9200948,0.079905264,0.9200948,False,34,REAL_TO_FAKE,33-64
"of all cities in the united states with more than 100, 000 people, providence is the 183rd safest.",1,REAL,0,FAKE,0.55444324,0.4455567,0.55444324,False,25,REAL_TO_FAKE,17-32
i saved the taxpayers $ 2 - billion on a bogus air force boeing tanker deal where people went to jail.,1,REAL,0,FAKE,0.88564736,0.114352666,0.88564736,False,25,REAL_TO_FAKE,17-32
"a telephone company will no longer have to provide landline service to customers if there is an alternative provider, including wireless.",1,REAL,0,FAKE,0.5118883,0.4881117,0.5118883,False,26,REAL_TO_FAKE,17-32
"we are almost halfway to our goal of 1, 000 rapes prosecuted!",1,REAL,0,FAKE,0.8213662,0.17863376,0.8213662,False,17,REAL_TO_FAKE,17-32
"one in every five families in the state of new jersey has a loved one with a mental illness, a serious mental illness, and today, we dont care.",1,REAL,0,FAKE,0.950982,0.049018063,0.950982,False,35,REAL_TO_FAKE,33-64
"vern buchanan. his old business was caught illegally funneling over $ 60, 000 in campaign donations to buchanan to influence his election.",1,REAL,0,FAKE,0.961695,0.038304962,0.961695,False,29,REAL_TO_FAKE,17-32
i committed to public financing ; ( obama ) committed to public financing.,1,REAL,0,FAKE,0.73803437,0.2619656,0.73803437,False,16,REAL_TO_FAKE,1-16
all private healthcare plans must conform to government rules to participate in a healthcare exchange.,1,REAL,0,FAKE,0.7051076,0.2948923,0.7051076,False,18,REAL_TO_FAKE,17-32
"atlanta mayor kasim reed became a city resident in the last annexation, opening the door to his candidacy.",1,REAL,0,FAKE,0.9815922,0.018407863,0.9815922,False,24,REAL_TO_FAKE,17-32
"the 1990s were a time of prosperity. we created more than 22 - million new jobs, moved 8 - million people out of poverty, and turned our economy around.",1,REAL,0,FAKE,0.6541233,0.34587675,0.6541233,False,35,REAL_TO_FAKE,33-64
women have come through the recession worse off than men the numbers bear that out. we went from a 7 percent unemployment rate for women when he ( president barack obama ) was elected to an 8. 1 percent now.,1,REAL,0,FAKE,0.9844742,0.01552581,0.9844742,False,45,REAL_TO_FAKE,33-64
"in 1981, matagorda, brazoria, and galveston counties all opted out of the social security program for their employees. today, their program is very, very well - funded and there is no question about whether its going to be funded in years to come.",1,REAL,0,FAKE,0.5835027,0.41649726,0.5835027,False,56,REAL_TO_FAKE,33-64
"by the time i left the state department, economic growth was up and opium production was down in afghanistan, while infant mortality declined and school enrollment rose by more than sevenfold.",1,REAL,0,FAKE,0.72319406,0.2768059,0.72319406,False,37,REAL_TO_FAKE,33-64
we have the most productive workers in the world.,1,REAL,0,FAKE,0.9651778,0.034822267,0.9651778,False,12,REAL_TO_FAKE,1-16
"in a lawsuit between private citizens, a florida judge announced the decision was going to be based on islamic law.",1,REAL,0,FAKE,0.94251204,0.057487953,0.94251204,False,24,REAL_TO_FAKE,17-32
"says if you try to hide marijuana in a hemp field, it becomes worthless. the thc goes away.",1,REAL,0,FAKE,0.88187003,0.11812993,0.88187003,False,25,REAL_TO_FAKE,17-32
coloradocare would have higher revenues than mcdonalds.,1,REAL,0,FAKE,0.79355884,0.2064412,0.79355884,False,12,REAL_TO_FAKE,1-16
"bill nelson voted to confirm sonia sotomayor, who signed a supreme court opinion saying americans do not have an individual right to own firearms.",1,REAL,0,FAKE,0.6561446,0.34385535,0.6561446,False,30,REAL_TO_FAKE,17-32
on the troubled asset relief program ( tarp ),1,REAL,0,FAKE,0.96680945,0.033190526,0.96680945,False,12,REAL_TO_FAKE,1-16
dan patrick called for increasing the gas tax and the state sales tax.,1,REAL,0,FAKE,0.7189649,0.28103513,0.7189649,False,16,REAL_TO_FAKE,1-16
saysmaggie hassan was out of state on 30 days over the last three months.,1,REAL,0,FAKE,0.6920423,0.30795768,0.6920423,False,20,REAL_TO_FAKE,17-32
gov. kasich and the republican - dominated legislature have foregone the popular option of closing tax loopholes that amount to $ 7 billion annually in this state.,1,REAL,0,FAKE,0.5737854,0.42621458,0.5737854,False,36,REAL_TO_FAKE,33-64
"new jerseys governor cut $ 1. 6 billion from public education while handing out $ 2. 1 billion in corporate tax breaks, more than the entire previous decade.",1,REAL,0,FAKE,0.6881436,0.3118564,0.6881436,False,34,REAL_TO_FAKE,33-64
"since 1970, the clean air act has reduced toxic and health - threatening air pollution by 60 percent while our economy has grown more than 200 percent.",1,REAL,0,FAKE,0.92883575,0.07116423,0.92883575,False,31,REAL_TO_FAKE,17-32
the milwaukee business community did not speak about the facts - - and in support of train manufacturer talgo - - as the milwaukee - madison rail link was being killed.,1,REAL,0,FAKE,0.91224617,0.08775379,0.91224617,False,35,REAL_TO_FAKE,33-64
says 97 percent of food stamp benefits are paid in the proper amounts to people who are really eligible.,1,REAL,0,FAKE,0.6873657,0.31263426,0.6873657,False,22,REAL_TO_FAKE,17-32
"to this day, ( the cuban government ) is a regime that provides safe harbor to terrorists and fugitives.",1,REAL,0,FAKE,0.9160451,0.08395491,0.9160451,False,24,REAL_TO_FAKE,17-32
"under the new health care law, if a landscaper wants to buy a new lawnmower, or a restaurant needs a new ice - maker, they have to report that to the feds.",1,REAL,0,FAKE,0.8676661,0.13233395,0.8676661,False,42,REAL_TO_FAKE,33-64
says charlie crist implemented jeb bushs a + plan.,1,REAL,0,FAKE,0.933964,0.06603596,0.933964,False,15,REAL_TO_FAKE,1-16
"by some estimates, as few as 2 percent of the 50, 000 ( central american ) children who have crossed the border illegally this year have been sent home.",1,REAL,0,FAKE,0.6786798,0.3213202,0.6786798,False,34,REAL_TO_FAKE,33-64
i never gave up custody of my children. i never lost custody of my children.,1,REAL,0,FAKE,0.7918742,0.2081258,0.7918742,False,19,REAL_TO_FAKE,17-32
i cut more as a percentage out of government than any state in the country this past decade. and where is michigan in terms of its economic growth? cutting did not result in economic growth.,1,REAL,0,FAKE,0.8249891,0.17501093,0.8249891,False,40,REAL_TO_FAKE,33-64
"when people enter the service, theres not a mental health evaluation.",1,REAL,0,FAKE,0.97705084,0.022949094,0.97705084,False,16,REAL_TO_FAKE,1-16
"road congestion costs rush hour drivers in austin and dallas more than $ 1, 000 a year. and in houston, its even more - - almost $ 1, 500 a year.",1,REAL,0,FAKE,0.8929016,0.10709836,0.8929016,False,38,REAL_TO_FAKE,33-64
uses headlines to portray gov. rick perry as beholden to special interests.,1,REAL,0,FAKE,0.9792777,0.020722324,0.9792777,False,17,REAL_TO_FAKE,17-32
"ms. kagan has spent her entire professional career in harvard square, hyde park and the d. c. beltway.",1,REAL,0,FAKE,0.68841094,0.31158903,0.68841094,False,27,REAL_TO_FAKE,17-32
nine million people have lower - cost hiv / aids medicine because of the work of the clinton foundation and my husband.,1,REAL,0,FAKE,0.98398787,0.016012052,0.98398787,False,25,REAL_TO_FAKE,17-32
"chris christie helped funnel $ 6 million in federal hurricane sandy money to a senior center in belleville, n. j., a place that suffered no damage.",1,REAL,0,FAKE,0.6827417,0.31725827,0.6827417,False,34,REAL_TO_FAKE,33-64
"the federal budget bill reauthorizes the overseas private investment corporation, which provides taxpayer dollars so that the four seasons hotel can build a resort in turkey.",1,REAL,0,FAKE,0.5737831,0.42621693,0.5737831,False,33,REAL_TO_FAKE,33-64
hackers broke into virginias prescription - drug database ( and )... obtained more than 8. 2 million patient records and a total of nearly 36 million prescriptions.,1,REAL,0,FAKE,0.72136986,0.27863017,0.72136986,False,37,REAL_TO_FAKE,33-64
the ( russian ) ruble is already going down.,1,REAL,0,FAKE,0.7122565,0.28774345,0.7122565,False,13,REAL_TO_FAKE,1-16
"says she brought together business, labor and hospitals to give 94, 000 oregon children health care.",1,REAL,0,FAKE,0.9219766,0.078023404,0.9219766,False,21,REAL_TO_FAKE,17-32
we knew strom thurmond had proposed the amendment that blocked puerto ricos use of chapter 9 bankruptcy protection.,1,REAL,0,FAKE,0.6520928,0.34790716,0.6520928,False,25,REAL_TO_FAKE,17-32
says barack obama is the first president in modern history not to have a single year of 3 percent growth.,1,REAL,0,FAKE,0.9530158,0.04698425,0.9530158,False,23,REAL_TO_FAKE,17-32
$ 65 billion would be added to the deficit if we keep the cuts for people on the highest incomes.,1,REAL,0,FAKE,0.7039208,0.29607916,0.7039208,False,23,REAL_TO_FAKE,17-32
"poor people go to a "" payday lender... and they pay 300, 400, 500 percent interest. """,1,REAL,0,FAKE,0.84671134,0.1532887,0.84671134,False,27,REAL_TO_FAKE,17-32
... following world war ii war crime trials were convened. the japanese were tried and convicted and hung for war crimes committed against american pows. among those charges for which they were convicted was waterboarding.,1,REAL,0,FAKE,0.9153461,0.0846539,0.9153461,False,44,REAL_TO_FAKE,33-64
"obama came into office "" with a $ 1. 3 trillion deficit before i had passed any law.... we came in with $ 8 trillion worth of debt over the next decade. """,1,REAL,0,FAKE,0.8562827,0.14371721,0.8562827,False,41,REAL_TO_FAKE,33-64
ford is moving all of their small - car production to mexico.,1,REAL,0,FAKE,0.97147715,0.028522886,0.97147715,False,15,REAL_TO_FAKE,1-16
"if you are a member of union, your median weekly income is roughly $ 200 more than if you are a nonunion member, and that doesnt include benefits.",1,REAL,0,FAKE,0.8065766,0.19342339,0.8065766,False,36,REAL_TO_FAKE,33-64
"if sea levels rise six feet due to climate change, waterplace park in providence and wickford village would be swamped",1,REAL,0,FAKE,0.98877966,0.0112203695,0.98877966,False,28,REAL_TO_FAKE,17-32
"chinese tire imports threatened 1, 000 american jobs, so president obama stood up to china and protected american workers. mitt romney attacked obamas decision.",1,REAL,0,FAKE,0.7191272,0.28087276,0.7191272,False,32,REAL_TO_FAKE,17-32
"says the state of texas rates as unacceptable almost 500 of the states 8, 000 public schools.",1,REAL,0,FAKE,0.9880614,0.011938522,0.9880614,False,21,REAL_TO_FAKE,17-32
says dan patrick proposed arizona - style show - me - your - papers legislation.,1,REAL,0,FAKE,0.5950152,0.4049848,0.5950152,False,18,REAL_TO_FAKE,17-32
says paul ryans budget relies on the same $ 700 billion in savings from medicare that mitt romney and other republicans have been attacking democrats about.,1,REAL,0,FAKE,0.721438,0.27856207,0.721438,False,31,REAL_TO_FAKE,17-32
caution : kissing and cuddling chickens can be hazardous to your health.,1,REAL,0,FAKE,0.7664053,0.23359472,0.7664053,False,16,REAL_TO_FAKE,1-16
the coalition of arab states against libyas moammar gadhafi is the biggest coalition against a fellow arab leader since the persian gulf war in 1990 - 1991.,1,REAL,0,FAKE,0.97503597,0.024964036,0.97503597,False,35,REAL_TO_FAKE,33-64
"the obama administration is using as its legal justification for these airstrikes ( on the islamic state ), an authorization for military force that the president himself has called for repeal of.",1,REAL,0,FAKE,0.96556747,0.034432504,0.96556747,False,38,REAL_TO_FAKE,33-64
"fifty - six percent decline in overall crime. a 73 percent decline in motor - vehicle theft. a 67 percent decline in robbery. a 66 percent decline in murder. this is way beyond what happened in the nation during this period of time. crime rudy - giuliani attorney new york republican 9 11 10 7 3 new york, n. y. 5122. json mostly - true in 1958, there were 16 states in this country that prohibited - - prohibited - - an african - american and a caucasian from being married. civil - rights, gays - and - lesbians, marriage sheila - oliver assemblywoman new jersey",1,REAL,0,FAKE,0.9310181,0.06898193,0.9310181,False,128,REAL_TO_FAKE,65-128
more than 10 years of free trade has brought a $ 2 billion per day trade deficit.,1,REAL,0,FAKE,0.9638771,0.03612286,0.9638771,False,20,REAL_TO_FAKE,17-32
"marco rubio's "" income skyrocketed while his power increased. """,1,REAL,0,FAKE,0.8254719,0.17452812,0.8254719,False,19,REAL_TO_FAKE,17-32
measures taken by my administration have saved taxpayers $ 1 billion.,1,REAL,0,FAKE,0.8468096,0.15319034,0.8468096,False,14,REAL_TO_FAKE,1-16
"says his proposed payroll tax cut will mean an extra $ 1, 500 in your pocket compared to if we do nothing.",1,REAL,0,FAKE,0.82446563,0.17553435,0.82446563,False,26,REAL_TO_FAKE,17-32
"in last weeks debate, bernie questioned hillarys commitment to fighting climate change because a whopping 0. 2 percent of the money given to our campaign has come from employees of oil and gas companies. not even 2 percent, mind you : 0. 2 percent.",1,REAL,0,FAKE,0.76821554,0.23178445,0.76821554,False,54,REAL_TO_FAKE,33-64
says his views on reparations for slavery are the same as barack obamas and hillary clintons.,1,REAL,0,FAKE,0.861145,0.13885497,0.861145,False,23,REAL_TO_FAKE,17-32
"says by rejecting an expansion of medicaid under the new law, georgia was depriving 25, 000 veterans of health care coverage.",1,REAL,0,FAKE,0.5123736,0.48762637,0.5123736,False,30,REAL_TO_FAKE,17-32
"on my first day in office, i ordered a review of every regulation in the pipeline and every contract exceeding $ 1 million.",1,REAL,0,FAKE,0.82238305,0.17761698,0.82238305,False,27,REAL_TO_FAKE,17-32
"says that when the rolling stones performed in an austin park, they paid $ 25, 000 to the nearby city of rollingwood for one night of inconvenience.",1,REAL,0,FAKE,0.81845814,0.18154192,0.81845814,False,36,REAL_TO_FAKE,33-64
the obama administration is refusing to directly arm the kurds.,1,REAL,0,FAKE,0.991078,0.00892202,0.991078,False,14,REAL_TO_FAKE,1-16
"rick perry attempted to fast - track unnecessary coal - fired power plants, which degrade air quality and would cost billions. fortunately, a court stopped him.",1,REAL,0,FAKE,0.7109477,0.28905237,0.7109477,False,33,REAL_TO_FAKE,33-64
gov. romneys plan would cut taxes for the folks at the very top.,1,REAL,0,FAKE,0.95700914,0.042990837,0.95700914,False,18,REAL_TO_FAKE,17-32
"the hyde amendmentlanguage was in the ( human trafficking ) bill. the democratic sponsor admits it was in the bill, and she voted for it.",1,REAL,0,FAKE,0.62714136,0.37285867,0.62714136,False,33,REAL_TO_FAKE,33-64
mike martinez has voted to raise taxes and utility rates while ending free bus service for seniors.,1,REAL,0,FAKE,0.9577098,0.04229017,0.9577098,False,20,REAL_TO_FAKE,17-32
"rand paul wants to end all federal faith - based initiatives, and even end the deduction for religious charities.",1,REAL,0,FAKE,0.8773614,0.122638546,0.8773614,False,24,REAL_TO_FAKE,17-32
the canadians they ( dropped ) their tax rates to 15 percent. the average tax rate on businesses in the industrialized world is 25 percent.,1,REAL,0,FAKE,0.79402417,0.2059758,0.79402417,False,30,REAL_TO_FAKE,17-32
"98 percent of small businesses make less than $ 250, 000 and would not see a tax increase under barack obama's plan.",1,REAL,0,FAKE,0.9637485,0.03625149,0.9637485,False,28,REAL_TO_FAKE,17-32
john raeses wife is registered to vote in florida so she cant even vote for him.,1,REAL,0,FAKE,0.94944096,0.05055901,0.94944096,False,21,REAL_TO_FAKE,17-32
says the last non - partisan commission to improve the voting experience in america concluded that # voterid was necessary.,1,REAL,0,FAKE,0.96217,0.037830044,0.96217,False,24,REAL_TO_FAKE,17-32
"in the 2000 florida election, at least 1, 100 eligible voters were wrongly dropped from voting rolls in an attempt to purge a list of felons. many of those who were dropped showed up to vote and were told they could not.",1,REAL,0,FAKE,0.8491182,0.1508819,0.8491182,False,50,REAL_TO_FAKE,33-64
"says that under a new program jail "" time for non - violent, mentally ill offenders has been reduced by 50 percent. """,1,REAL,0,FAKE,0.8133462,0.18665381,0.8133462,False,27,REAL_TO_FAKE,17-32
the u. s. has now spent more on reconstructing afghanistan than was spent on the marshall plan and the reconstruction of europe.,1,REAL,0,FAKE,0.52876645,0.47123355,0.52876645,False,29,REAL_TO_FAKE,17-32
i wake up every morning in a house ( the white house ) that was built by slaves.,1,REAL,0,FAKE,0.6718293,0.32817075,0.6718293,False,21,REAL_TO_FAKE,17-32
says he had to impose tougher cost controls on state employees than any previous wisconsin governor.,1,REAL,0,FAKE,0.86356354,0.13643646,0.86356354,False,20,REAL_TO_FAKE,17-32
"the united states has never been richer, if you look at per capita gdp.",1,REAL,0,FAKE,0.6682246,0.33177543,0.6682246,False,18,REAL_TO_FAKE,17-32
michele bachmanns legislative record is offering failed amendments.,1,REAL,0,FAKE,0.99374914,0.006250902,0.99374914,False,13,REAL_TO_FAKE,1-16
"on the day of the new hampshire primary in 1980, the top 13 people of ronald reagans staff quit.",1,REAL,0,FAKE,0.927011,0.072988994,0.927011,False,24,REAL_TO_FAKE,17-32
"a high school dropout makes on average $ 19, 000 a year, a high school graduate makes $ 28, 000 a year, a college graduate makes $ 51, 000 a year.",1,REAL,0,FAKE,0.7158977,0.2841023,0.7158977,False,40,REAL_TO_FAKE,33-64
"the race will tighten, just because that's what happens at the end of campaigns. they always have.",1,REAL,0,FAKE,0.9353796,0.0646204,0.9353796,False,24,REAL_TO_FAKE,17-32
"even after obamacare is fully implemented, there still will be tens of millions of people not covered.",1,REAL,0,FAKE,0.97024417,0.02975581,0.97024417,False,22,REAL_TO_FAKE,17-32
"we have 80, 000 abortions in texas every year.",1,REAL,0,FAKE,0.7613643,0.23863569,0.7613643,False,14,REAL_TO_FAKE,1-16
north koreas missiles are not going to have a capability to reach the united states anytime real soon.,1,REAL,0,FAKE,0.9307331,0.069266856,0.9307331,False,22,REAL_TO_FAKE,17-32
"in 2008, charlie crist applauded the pick of sarah palin and said she would do a great job.",1,REAL,0,FAKE,0.8004097,0.19959028,0.8004097,False,26,REAL_TO_FAKE,17-32
"the president promised to close the space gap, but he now seems intent on repeating the events that created the space gap in the first place - - putting in place a new rocket design and then trying to underfund the effort...",1,REAL,0,FAKE,0.92457217,0.07542784,0.92457217,False,50,REAL_TO_FAKE,33-64
"if we ban the practice of earmarks, we could save the american taxpayer anywhere between $ 15 ( billion ) to $ 20 billion dollars a year in pork - barrel spending.",1,REAL,0,FAKE,0.7893405,0.21065947,0.7893405,False,37,REAL_TO_FAKE,33-64
"sarah palin was repeating "" abraham lincoln's words "" in discussing the war in iraq.",1,REAL,0,FAKE,0.92389673,0.076103285,0.92389673,False,21,REAL_TO_FAKE,17-32
says u. s. rep. connie mack iv passed only one bill in seven years.,1,REAL,0,FAKE,0.9779416,0.02205845,0.9779416,False,20,REAL_TO_FAKE,17-32
republican - leaning states get more in federal dollars than they pay in taxes.,1,REAL,0,FAKE,0.55805254,0.44194752,0.55805254,False,17,REAL_TO_FAKE,17-32
"says the obama administration approved a major disaster declaration for oklahoma in 2009, when nine of the states 77 counties burned for about three days, while texas wildfires have been burning for longer without such a declaration.",1,REAL,0,FAKE,0.9878248,0.012175263,0.9878248,False,43,REAL_TO_FAKE,33-64
says the director of an anti - abortion group receiving a texas grant to provide womens health services believes hiv can be spread through the sewer system.,1,REAL,0,FAKE,0.9608507,0.03914935,0.9608507,False,31,REAL_TO_FAKE,17-32
one man sacrificed for his country. one man opposed a flawed strategy in iraq. one man had the courage to call for change. one man didn't play politics with the truth. one man stands up to the special interests.,1,REAL,0,FAKE,0.9556922,0.04430787,0.9556922,False,48,REAL_TO_FAKE,33-64
weve doubled the production of clean energy.,1,REAL,0,FAKE,0.7014672,0.29853278,0.7014672,False,11,REAL_TO_FAKE,1-16
the united states is one of only seven nations that allows elective abortions after 20 weeks post - fertilization.,1,REAL,0,FAKE,0.67930263,0.32069734,0.67930263,False,26,REAL_TO_FAKE,17-32
"says he turned down a medicaid expansion under obamacare, but because of actions he took, for the first time in wisconsins history everyone living in poverty is covered under medicaid.",1,REAL,0,FAKE,0.6787112,0.32128885,0.6787112,False,41,REAL_TO_FAKE,33-64
says president john f. kennedy released a star green bay packer from military reserve duty so that he could play in the 1961 nfl championship game.,1,REAL,0,FAKE,0.5008575,0.4991426,0.5008575,False,31,REAL_TO_FAKE,17-32
u. s. rep. paul broun has not authored any legislation that has been adopted by congress.,1,REAL,0,FAKE,0.9934315,0.0065685045,0.9934315,False,23,REAL_TO_FAKE,17-32
"in the illinois legislature, barack obama "" voted'present,'instead of yes or no "" on seven votes involving abortion rights.",1,REAL,0,FAKE,0.79351354,0.20648643,0.79351354,False,28,REAL_TO_FAKE,17-32
says the cascading effects of climate change contributed to the rise of isis.,1,REAL,0,FAKE,0.97935635,0.020643733,0.97935635,False,18,REAL_TO_FAKE,17-32
says tim kaine actually tried to raise taxes by about $ 4 billion.,1,REAL,0,FAKE,0.88737875,0.11262123,0.88737875,False,17,REAL_TO_FAKE,17-32
says marco rubio is proposing a new $ 1 trillion welfare program in tax credits and $ 1 trillion in new military spending.,1,REAL,0,FAKE,0.76048917,0.23951074,0.76048917,False,27,REAL_TO_FAKE,17-32
female buffalo lead the herd.,1,REAL,0,FAKE,0.83877325,0.1612268,0.83877325,False,8,REAL_TO_FAKE,1-16
