true_label_id,true_label,predicted_label_id,predicted_label,probability_fake,probability_real,confidence,correct,token_length,error_type
1,REAL,0,FAKE,0.6138043,0.38619575,0.6138043,False,19,REAL_TO_FAKE
0,FAKE,1,REAL,0.24596646,0.7540335,0.7540335,False,16,FAKE_TO_REAL
0,FAKE,1,REAL,0.47616673,0.5238333,0.5238333,False,29,FAKE_TO_REAL
0,FAKE,1,REAL,0.48229492,0.5177051,0.5177051,False,20,FAKE_TO_REAL
0,FAKE,1,REAL,0.26373515,0.7362649,0.7362649,False,26,FAKE_TO_REAL
0,FAKE,1,REAL,0.46434212,0.5356579,0.5356579,False,20,FAKE_TO_REAL
0,FAKE,1,REAL,0.44581455,0.55418545,0.55418545,False,30,FAKE_TO_REAL
0,FAKE,1,REAL,0.41798478,0.5820152,0.5820152,False,14,FAKE_TO_REAL
0,FAKE,1,REAL,0.31348422,0.6865158,0.6865158,False,22,FAKE_TO_REAL
0,FAKE,1,REAL,0.29511788,0.7048821,0.7048821,False,18,FAKE_TO_REAL
1,REAL,0,FAKE,0.71049917,0.28950086,0.71049917,False,38,REAL_TO_FAKE
0,FAKE,1,REAL,0.25941688,0.7405831,0.7405831,False,26,FAKE_TO_REAL
0,FAKE,1,REAL,0.46725544,0.5327446,0.5327446,False,23,FAKE_TO_REAL
1,REAL,0,FAKE,0.55902356,0.4409764,0.55902356,False,33,REAL_TO_FAKE
1,REAL,0,FAKE,0.630389,0.36961102,0.630389,False,34,REAL_TO_FAKE
0,FAKE,1,REAL,0.33001974,0.6699802,0.6699802,False,18,FAKE_TO_REAL
0,FAKE,1,REAL,0.18356816,0.8164319,0.8164319,False,45,FAKE_TO_REAL
0,FAKE,1,REAL,0.49000937,0.5099907,0.5099907,False,31,FAKE_TO_REAL
1,REAL,0,FAKE,0.5607044,0.43929556,0.5607044,False,17,REAL_TO_FAKE
0,FAKE,1,REAL,0.23702528,0.76297474,0.76297474,False,13,FAKE_TO_REAL
1,REAL,0,FAKE,0.54077893,0.45922112,0.54077893,False,14,REAL_TO_FAKE
1,REAL,0,FAKE,0.7281348,0.2718652,0.7281348,False,20,REAL_TO_FAKE
0,FAKE,1,REAL,0.30018055,0.6998195,0.6998195,False,37,FAKE_TO_REAL
0,FAKE,1,REAL,0.45442066,0.5455793,0.5455793,False,16,FAKE_TO_REAL
0,FAKE,1,REAL,0.3311027,0.66889733,0.66889733,False,32,FAKE_TO_REAL
0,FAKE,1,REAL,0.28799748,0.71200246,0.71200246,False,19,FAKE_TO_REAL
0,FAKE,1,REAL,0.40658396,0.5934161,0.5934161,False,23,FAKE_TO_REAL
0,FAKE,1,REAL,0.17811069,0.8218893,0.8218893,False,29,FAKE_TO_REAL
1,REAL,0,FAKE,0.5862294,0.41377068,0.5862294,False,16,REAL_TO_FAKE
0,FAKE,1,REAL,0.39158392,0.608416,0.608416,False,24,FAKE_TO_REAL
1,REAL,0,FAKE,0.6106516,0.38934842,0.6106516,False,22,REAL_TO_FAKE
0,FAKE,1,REAL,0.4646387,0.5353613,0.5353613,False,40,FAKE_TO_REAL
1,REAL,0,FAKE,0.77413857,0.22586145,0.77413857,False,17,REAL_TO_FAKE
0,FAKE,1,REAL,0.24025904,0.75974095,0.75974095,False,13,FAKE_TO_REAL
0,FAKE,1,REAL,0.28123808,0.7187619,0.7187619,False,18,FAKE_TO_REAL
0,FAKE,1,REAL,0.45532918,0.5446708,0.5446708,False,19,FAKE_TO_REAL
0,FAKE,1,REAL,0.297962,0.702038,0.702038,False,24,FAKE_TO_REAL
1,REAL,0,FAKE,0.5000537,0.4999463,0.5000537,False,14,REAL_TO_FAKE
1,REAL,0,FAKE,0.691152,0.308848,0.691152,False,28,REAL_TO_FAKE
1,REAL,0,FAKE,0.5321074,0.4678926,0.5321074,False,29,REAL_TO_FAKE
1,REAL,0,FAKE,0.825725,0.17427495,0.825725,False,34,REAL_TO_FAKE
1,REAL,0,FAKE,0.727801,0.27219895,0.727801,False,37,REAL_TO_FAKE
0,FAKE,1,REAL,0.2502853,0.7497147,0.7497147,False,19,FAKE_TO_REAL
0,FAKE,1,REAL,0.36587998,0.63412005,0.63412005,False,46,FAKE_TO_REAL
0,FAKE,1,REAL,0.30111656,0.6988835,0.6988835,False,15,FAKE_TO_REAL
0,FAKE,1,REAL,0.4872785,0.51272154,0.51272154,False,20,FAKE_TO_REAL
0,FAKE,1,REAL,0.40861243,0.59138757,0.59138757,False,17,FAKE_TO_REAL
1,REAL,0,FAKE,0.5615345,0.4384655,0.5615345,False,19,REAL_TO_FAKE
0,FAKE,1,REAL,0.39374334,0.6062567,0.6062567,False,15,FAKE_TO_REAL
0,FAKE,1,REAL,0.3527348,0.6472652,0.6472652,False,21,FAKE_TO_REAL
1,REAL,0,FAKE,0.5175153,0.4824847,0.5175153,False,15,REAL_TO_FAKE
1,REAL,0,FAKE,0.66608775,0.33391225,0.66608775,False,38,REAL_TO_FAKE
0,FAKE,1,REAL,0.43907857,0.56092143,0.56092143,False,15,FAKE_TO_REAL
1,REAL,0,FAKE,0.5544721,0.44552788,0.5544721,False,34,REAL_TO_FAKE
1,REAL,0,FAKE,0.5659632,0.43403685,0.5659632,False,26,REAL_TO_FAKE
0,FAKE,1,REAL,0.43445015,0.5655499,0.5655499,False,21,FAKE_TO_REAL
0,FAKE,1,REAL,0.21130548,0.78869456,0.78869456,False,25,FAKE_TO_REAL
0,FAKE,1,REAL,0.22536935,0.7746306,0.7746306,False,25,FAKE_TO_REAL
0,FAKE,1,REAL,0.17758837,0.82241166,0.82241166,False,21,FAKE_TO_REAL
0,FAKE,1,REAL,0.34988445,0.6501156,0.6501156,False,30,FAKE_TO_REAL
1,REAL,0,FAKE,0.70957696,0.29042307,0.70957696,False,12,REAL_TO_FAKE
0,FAKE,1,REAL,0.47086042,0.5291395,0.5291395,False,27,FAKE_TO_REAL
0,FAKE,1,REAL,0.17095105,0.82904893,0.82904893,False,39,FAKE_TO_REAL
0,FAKE,1,REAL,0.24798113,0.75201887,0.75201887,False,28,FAKE_TO_REAL
1,REAL,0,FAKE,0.68805164,0.31194833,0.68805164,False,13,REAL_TO_FAKE
0,FAKE,1,REAL,0.3998508,0.60014915,0.60014915,False,13,FAKE_TO_REAL
1,REAL,0,FAKE,0.6484716,0.35152835,0.6484716,False,19,REAL_TO_FAKE
0,FAKE,1,REAL,0.3540456,0.6459544,0.6459544,False,21,FAKE_TO_REAL
0,FAKE,1,REAL,0.37459752,0.62540245,0.62540245,False,33,FAKE_TO_REAL
0,FAKE,1,REAL,0.37646943,0.6235305,0.6235305,False,34,FAKE_TO_REAL
1,REAL,0,FAKE,0.512701,0.48729903,0.512701,False,30,REAL_TO_FAKE
1,REAL,0,FAKE,0.7559813,0.24401867,0.7559813,False,17,REAL_TO_FAKE
0,FAKE,1,REAL,0.3158556,0.68414444,0.68414444,False,23,FAKE_TO_REAL
0,FAKE,1,REAL,0.30390134,0.6960986,0.6960986,False,14,FAKE_TO_REAL
0,FAKE,1,REAL,0.46706793,0.5329321,0.5329321,False,18,FAKE_TO_REAL
0,FAKE,1,REAL,0.25971466,0.74028534,0.74028534,False,22,FAKE_TO_REAL
0,FAKE,1,REAL,0.31331334,0.68668664,0.68668664,False,36,FAKE_TO_REAL
0,FAKE,1,REAL,0.4632183,0.53678167,0.53678167,False,28,FAKE_TO_REAL
0,FAKE,1,REAL,0.20924772,0.79075223,0.79075223,False,24,FAKE_TO_REAL
1,REAL,0,FAKE,0.52928805,0.47071192,0.52928805,False,16,REAL_TO_FAKE
0,FAKE,1,REAL,0.4837212,0.5162788,0.5162788,False,24,FAKE_TO_REAL
1,REAL,0,FAKE,0.523574,0.476426,0.523574,False,11,REAL_TO_FAKE
0,FAKE,1,REAL,0.36589321,0.63410676,0.63410676,False,14,FAKE_TO_REAL
0,FAKE,1,REAL,0.47371206,0.526288,0.526288,False,27,FAKE_TO_REAL
1,REAL,0,FAKE,0.6525924,0.3474076,0.6525924,False,12,REAL_TO_FAKE
0,FAKE,1,REAL,0.31086013,0.6891399,0.6891399,False,29,FAKE_TO_REAL
1,REAL,0,FAKE,0.5250578,0.47494218,0.5250578,False,29,REAL_TO_FAKE
0,FAKE,1,REAL,0.4505237,0.5494763,0.5494763,False,35,FAKE_TO_REAL
0,FAKE,1,REAL,0.40418395,0.5958161,0.5958161,False,41,FAKE_TO_REAL
0,FAKE,1,REAL,0.23209623,0.76790375,0.76790375,False,17,FAKE_TO_REAL
0,FAKE,1,REAL,0.48761284,0.51238716,0.51238716,False,19,FAKE_TO_REAL
1,REAL,0,FAKE,0.7515601,0.24843988,0.7515601,False,21,REAL_TO_FAKE
0,FAKE,1,REAL,0.2670679,0.7329321,0.7329321,False,40,FAKE_TO_REAL
0,FAKE,1,REAL,0.4667999,0.5332001,0.5332001,False,28,FAKE_TO_REAL
1,REAL,0,FAKE,0.89227116,0.107728794,0.89227116,False,11,REAL_TO_FAKE
1,REAL,0,FAKE,0.5535737,0.44642624,0.5535737,False,19,REAL_TO_FAKE
1,REAL,0,FAKE,0.50043416,0.49956578,0.50043416,False,25,REAL_TO_FAKE
1,REAL,0,FAKE,0.7389411,0.261059,0.7389411,False,37,REAL_TO_FAKE
0,FAKE,1,REAL,0.1839519,0.8160481,0.8160481,False,29,FAKE_TO_REAL
0,FAKE,1,REAL,0.19239382,0.8076062,0.8076062,False,30,FAKE_TO_REAL
0,FAKE,1,REAL,0.48447412,0.5155259,0.5155259,False,22,FAKE_TO_REAL
0,FAKE,1,REAL,0.34977448,0.6502256,0.6502256,False,16,FAKE_TO_REAL
0,FAKE,1,REAL,0.3169642,0.6830358,0.6830358,False,11,FAKE_TO_REAL
1,REAL,0,FAKE,0.71870327,0.2812967,0.71870327,False,18,REAL_TO_FAKE
0,FAKE,1,REAL,0.1577845,0.84221554,0.84221554,False,17,FAKE_TO_REAL
0,FAKE,1,REAL,0.38857794,0.61142206,0.61142206,False,22,FAKE_TO_REAL
0,FAKE,1,REAL,0.46083403,0.539166,0.539166,False,15,FAKE_TO_REAL
0,FAKE,1,REAL,0.3407125,0.6592875,0.6592875,False,21,FAKE_TO_REAL
0,FAKE,1,REAL,0.23428641,0.7657136,0.7657136,False,30,FAKE_TO_REAL
0,FAKE,1,REAL,0.36120886,0.63879114,0.63879114,False,33,FAKE_TO_REAL
0,FAKE,1,REAL,0.24283628,0.75716376,0.75716376,False,17,FAKE_TO_REAL
1,REAL,0,FAKE,0.7376507,0.26234934,0.7376507,False,37,REAL_TO_FAKE
1,REAL,0,FAKE,0.7347669,0.2652331,0.7347669,False,24,REAL_TO_FAKE
0,FAKE,1,REAL,0.27150178,0.7284982,0.7284982,False,38,FAKE_TO_REAL
0,FAKE,1,REAL,0.22692944,0.7730706,0.7730706,False,33,FAKE_TO_REAL
0,FAKE,1,REAL,0.2894401,0.7105599,0.7105599,False,34,FAKE_TO_REAL
0,FAKE,1,REAL,0.385677,0.61432296,0.61432296,False,27,FAKE_TO_REAL
0,FAKE,1,REAL,0.2200884,0.7799116,0.7799116,False,45,FAKE_TO_REAL
1,REAL,0,FAKE,0.69028056,0.3097194,0.69028056,False,21,REAL_TO_FAKE
1,REAL,0,FAKE,0.80688995,0.19311006,0.80688995,False,15,REAL_TO_FAKE
0,FAKE,1,REAL,0.47655967,0.5234403,0.5234403,False,27,FAKE_TO_REAL
1,REAL,0,FAKE,0.5557099,0.4442901,0.5557099,False,24,REAL_TO_FAKE
0,FAKE,1,REAL,0.36685535,0.6331446,0.6331446,False,26,FAKE_TO_REAL
0,FAKE,1,REAL,0.47775486,0.52224517,0.52224517,False,25,FAKE_TO_REAL
0,FAKE,1,REAL,0.3691838,0.6308162,0.6308162,False,15,FAKE_TO_REAL
1,REAL,0,FAKE,0.5522597,0.44774035,0.5522597,False,39,REAL_TO_FAKE
0,FAKE,1,REAL,0.36727786,0.6327222,0.6327222,False,27,FAKE_TO_REAL
1,REAL,0,FAKE,0.5544887,0.44551128,0.5544887,False,38,REAL_TO_FAKE
0,FAKE,1,REAL,0.34335417,0.65664583,0.65664583,False,28,FAKE_TO_REAL
0,FAKE,1,REAL,0.26944482,0.7305552,0.7305552,False,18,FAKE_TO_REAL
0,FAKE,1,REAL,0.3949697,0.6050303,0.6050303,False,16,FAKE_TO_REAL
1,REAL,0,FAKE,0.5990324,0.40096763,0.5990324,False,17,REAL_TO_FAKE
1,REAL,0,FAKE,0.59045994,0.40954,0.59045994,False,40,REAL_TO_FAKE
1,REAL,0,FAKE,0.5080277,0.4919723,0.5080277,False,23,REAL_TO_FAKE
0,FAKE,1,REAL,0.38337517,0.61662483,0.61662483,False,23,FAKE_TO_REAL
1,REAL,0,FAKE,0.60538656,0.3946134,0.60538656,False,36,REAL_TO_FAKE
1,REAL,0,FAKE,0.6865817,0.31341833,0.6865817,False,14,REAL_TO_FAKE
1,REAL,0,FAKE,0.6080377,0.3919623,0.6080377,False,30,REAL_TO_FAKE
0,FAKE,1,REAL,0.26114777,0.73885226,0.73885226,False,18,FAKE_TO_REAL
1,REAL,0,FAKE,0.52584535,0.47415465,0.52584535,False,23,REAL_TO_FAKE
1,REAL,0,FAKE,0.57310855,0.42689148,0.57310855,False,16,REAL_TO_FAKE
0,FAKE,1,REAL,0.31570753,0.68429244,0.68429244,False,20,FAKE_TO_REAL
0,FAKE,1,REAL,0.3091113,0.6908887,0.6908887,False,18,FAKE_TO_REAL
0,FAKE,1,REAL,0.32575142,0.6742486,0.6742486,False,25,FAKE_TO_REAL
1,REAL,0,FAKE,0.62872165,0.37127832,0.62872165,False,40,REAL_TO_FAKE
1,REAL,0,FAKE,0.5558751,0.4441249,0.5558751,False,14,REAL_TO_FAKE
1,REAL,0,FAKE,0.6374202,0.3625798,0.6374202,False,17,REAL_TO_FAKE
1,REAL,0,FAKE,0.80796516,0.19203477,0.80796516,False,19,REAL_TO_FAKE
1,REAL,0,FAKE,0.6459324,0.35406762,0.6459324,False,13,REAL_TO_FAKE
0,FAKE,1,REAL,0.4947802,0.50521976,0.50521976,False,30,FAKE_TO_REAL
0,FAKE,1,REAL,0.23552144,0.76447856,0.76447856,False,30,FAKE_TO_REAL
0,FAKE,1,REAL,0.36923924,0.6307607,0.6307607,False,61,FAKE_TO_REAL
0,FAKE,1,REAL,0.43541408,0.56458586,0.56458586,False,42,FAKE_TO_REAL
1,REAL,0,FAKE,0.5433297,0.45667028,0.5433297,False,36,REAL_TO_FAKE
0,FAKE,1,REAL,0.27271593,0.7272841,0.7272841,False,28,FAKE_TO_REAL
1,REAL,0,FAKE,0.57990456,0.42009544,0.57990456,False,32,REAL_TO_FAKE
0,FAKE,1,REAL,0.43598485,0.5640151,0.5640151,False,19,FAKE_TO_REAL
1,REAL,0,FAKE,0.58779323,0.4122067,0.58779323,False,12,REAL_TO_FAKE
0,FAKE,1,REAL,0.40160552,0.5983945,0.5983945,False,19,FAKE_TO_REAL
1,REAL,0,FAKE,0.58664197,0.4133581,0.58664197,False,41,REAL_TO_FAKE
0,FAKE,1,REAL,0.3431761,0.6568239,0.6568239,False,11,FAKE_TO_REAL
1,REAL,0,FAKE,0.78543717,0.2145628,0.78543717,False,14,REAL_TO_FAKE
0,FAKE,1,REAL,0.3121824,0.68781763,0.68781763,False,28,FAKE_TO_REAL
0,FAKE,1,REAL,0.44088706,0.5591129,0.5591129,False,21,FAKE_TO_REAL
0,FAKE,1,REAL,0.2669945,0.7330055,0.7330055,False,15,FAKE_TO_REAL
0,FAKE,1,REAL,0.23625068,0.76374936,0.76374936,False,18,FAKE_TO_REAL
0,FAKE,1,REAL,0.3482394,0.6517606,0.6517606,False,22,FAKE_TO_REAL
0,FAKE,1,REAL,0.35719594,0.642804,0.642804,False,28,FAKE_TO_REAL
1,REAL,0,FAKE,0.51167405,0.48832598,0.51167405,False,20,REAL_TO_FAKE
1,REAL,0,FAKE,0.87029463,0.12970537,0.87029463,False,24,REAL_TO_FAKE
0,FAKE,1,REAL,0.17525622,0.8247438,0.8247438,False,24,FAKE_TO_REAL
0,FAKE,1,REAL,0.28198788,0.7180121,0.7180121,False,25,FAKE_TO_REAL
0,FAKE,1,REAL,0.29239458,0.7076054,0.7076054,False,24,FAKE_TO_REAL
0,FAKE,1,REAL,0.33571798,0.664282,0.664282,False,14,FAKE_TO_REAL
0,FAKE,1,REAL,0.26240942,0.73759055,0.73759055,False,33,FAKE_TO_REAL
0,FAKE,1,REAL,0.40965718,0.59034276,0.59034276,False,25,FAKE_TO_REAL
1,REAL,0,FAKE,0.7358317,0.26416832,0.7358317,False,19,REAL_TO_FAKE
1,REAL,0,FAKE,0.56251836,0.43748164,0.56251836,False,26,REAL_TO_FAKE
0,FAKE,1,REAL,0.48770612,0.5122939,0.5122939,False,19,FAKE_TO_REAL
0,FAKE,1,REAL,0.2578147,0.7421853,0.7421853,False,15,FAKE_TO_REAL
1,REAL,0,FAKE,0.70203817,0.29796186,0.70203817,False,18,REAL_TO_FAKE
0,FAKE,1,REAL,0.3126893,0.6873107,0.6873107,False,15,FAKE_TO_REAL
1,REAL,0,FAKE,0.54826206,0.4517379,0.54826206,False,29,REAL_TO_FAKE
0,FAKE,1,REAL,0.36614192,0.6338581,0.6338581,False,19,FAKE_TO_REAL
0,FAKE,1,REAL,0.33282164,0.66717833,0.66717833,False,36,FAKE_TO_REAL
0,FAKE,1,REAL,0.36587915,0.6341208,0.6341208,False,24,FAKE_TO_REAL
0,FAKE,1,REAL,0.32891864,0.67108136,0.67108136,False,23,FAKE_TO_REAL
0,FAKE,1,REAL,0.4274014,0.57259864,0.57259864,False,22,FAKE_TO_REAL
0,FAKE,1,REAL,0.28785118,0.7121488,0.7121488,False,20,FAKE_TO_REAL
0,FAKE,1,REAL,0.31414798,0.685852,0.685852,False,43,FAKE_TO_REAL
0,FAKE,1,REAL,0.46993446,0.53006554,0.53006554,False,50,FAKE_TO_REAL
1,REAL,0,FAKE,0.6999242,0.30007583,0.6999242,False,22,REAL_TO_FAKE
1,REAL,0,FAKE,0.8627334,0.13726655,0.8627334,False,15,REAL_TO_FAKE
0,FAKE,1,REAL,0.40933055,0.5906694,0.5906694,False,34,FAKE_TO_REAL
0,FAKE,1,REAL,0.43273398,0.56726605,0.56726605,False,35,FAKE_TO_REAL
0,FAKE,1,REAL,0.38286555,0.6171345,0.6171345,False,15,FAKE_TO_REAL
0,FAKE,1,REAL,0.30130404,0.69869596,0.69869596,False,14,FAKE_TO_REAL
1,REAL,0,FAKE,0.50321907,0.4967809,0.50321907,False,28,REAL_TO_FAKE
1,REAL,0,FAKE,0.61012673,0.38987327,0.61012673,False,31,REAL_TO_FAKE
0,FAKE,1,REAL,0.44352436,0.55647564,0.55647564,False,23,FAKE_TO_REAL
0,FAKE,1,REAL,0.25677624,0.7432238,0.7432238,False,16,FAKE_TO_REAL
0,FAKE,1,REAL,0.43568715,0.5643128,0.5643128,False,22,FAKE_TO_REAL
0,FAKE,1,REAL,0.44711414,0.5528859,0.5528859,False,35,FAKE_TO_REAL
0,FAKE,1,REAL,0.2776255,0.72237444,0.72237444,False,16,FAKE_TO_REAL
1,REAL,0,FAKE,0.55908453,0.44091547,0.55908453,False,19,REAL_TO_FAKE
0,FAKE,1,REAL,0.1808887,0.8191113,0.8191113,False,23,FAKE_TO_REAL
0,FAKE,1,REAL,0.45361835,0.54638165,0.54638165,False,17,FAKE_TO_REAL
0,FAKE,1,REAL,0.3543358,0.6456642,0.6456642,False,38,FAKE_TO_REAL
0,FAKE,1,REAL,0.47677556,0.5232245,0.5232245,False,35,FAKE_TO_REAL
1,REAL,0,FAKE,0.52390975,0.47609022,0.52390975,False,16,REAL_TO_FAKE
1,REAL,0,FAKE,0.6418223,0.35817778,0.6418223,False,34,REAL_TO_FAKE
0,FAKE,1,REAL,0.49871454,0.50128543,0.50128543,False,20,FAKE_TO_REAL
0,FAKE,1,REAL,0.33787563,0.6621244,0.6621244,False,45,FAKE_TO_REAL
0,FAKE,1,REAL,0.2873887,0.7126113,0.7126113,False,33,FAKE_TO_REAL
1,REAL,0,FAKE,0.52167505,0.47832498,0.52167505,False,38,REAL_TO_FAKE
0,FAKE,1,REAL,0.14309682,0.85690314,0.85690314,False,32,FAKE_TO_REAL
0,FAKE,1,REAL,0.21175879,0.7882412,0.7882412,False,15,FAKE_TO_REAL
0,FAKE,1,REAL,0.2591765,0.7408235,0.7408235,False,17,FAKE_TO_REAL
0,FAKE,1,REAL,0.19346973,0.8065303,0.8065303,False,13,FAKE_TO_REAL
0,FAKE,1,REAL,0.3940689,0.6059311,0.6059311,False,19,FAKE_TO_REAL
0,FAKE,1,REAL,0.47779495,0.52220505,0.52220505,False,26,FAKE_TO_REAL
0,FAKE,1,REAL,0.30341467,0.69658536,0.69658536,False,15,FAKE_TO_REAL
1,REAL,0,FAKE,0.6561074,0.34389257,0.6561074,False,29,REAL_TO_FAKE
0,FAKE,1,REAL,0.4212195,0.57878053,0.57878053,False,30,FAKE_TO_REAL
0,FAKE,1,REAL,0.49315444,0.5068456,0.5068456,False,32,FAKE_TO_REAL
0,FAKE,1,REAL,0.44176766,0.5582323,0.5582323,False,60,FAKE_TO_REAL
1,REAL,0,FAKE,0.71626025,0.2837398,0.71626025,False,34,REAL_TO_FAKE
0,FAKE,1,REAL,0.42967704,0.570323,0.570323,False,18,FAKE_TO_REAL
0,FAKE,1,REAL,0.21401164,0.7859884,0.7859884,False,17,FAKE_TO_REAL
0,FAKE,1,REAL,0.23829369,0.76170635,0.76170635,False,27,FAKE_TO_REAL
0,FAKE,1,REAL,0.27023593,0.72976404,0.72976404,False,19,FAKE_TO_REAL
1,REAL,0,FAKE,0.6468175,0.3531825,0.6468175,False,25,REAL_TO_FAKE
0,FAKE,1,REAL,0.41153637,0.58846366,0.58846366,False,21,FAKE_TO_REAL
0,FAKE,1,REAL,0.19464059,0.80535936,0.80535936,False,24,FAKE_TO_REAL
0,FAKE,1,REAL,0.46565914,0.5343408,0.5343408,False,17,FAKE_TO_REAL
0,FAKE,1,REAL,0.40139222,0.5986078,0.5986078,False,38,FAKE_TO_REAL
0,FAKE,1,REAL,0.20779203,0.792208,0.792208,False,15,FAKE_TO_REAL
0,FAKE,1,REAL,0.2695015,0.7304985,0.7304985,False,20,FAKE_TO_REAL
0,FAKE,1,REAL,0.44345534,0.55654466,0.55654466,False,28,FAKE_TO_REAL
0,FAKE,1,REAL,0.4901854,0.50981456,0.50981456,False,45,FAKE_TO_REAL
0,FAKE,1,REAL,0.38747132,0.6125287,0.6125287,False,29,FAKE_TO_REAL
0,FAKE,1,REAL,0.42273027,0.57726973,0.57726973,False,34,FAKE_TO_REAL
0,FAKE,1,REAL,0.4634058,0.5365942,0.5365942,False,53,FAKE_TO_REAL
1,REAL,0,FAKE,0.7330969,0.2669031,0.7330969,False,29,REAL_TO_FAKE
0,FAKE,1,REAL,0.2051857,0.7948143,0.7948143,False,22,FAKE_TO_REAL
1,REAL,0,FAKE,0.61286706,0.3871329,0.61286706,False,16,REAL_TO_FAKE
1,REAL,0,FAKE,0.7192914,0.28070855,0.7192914,False,24,REAL_TO_FAKE
0,FAKE,1,REAL,0.485061,0.514939,0.514939,False,32,FAKE_TO_REAL
0,FAKE,1,REAL,0.21290374,0.78709626,0.78709626,False,20,FAKE_TO_REAL
0,FAKE,1,REAL,0.3694376,0.63056237,0.63056237,False,23,FAKE_TO_REAL
1,REAL,0,FAKE,0.69742966,0.30257034,0.69742966,False,45,REAL_TO_FAKE
0,FAKE,1,REAL,0.42709392,0.5729061,0.5729061,False,20,FAKE_TO_REAL
0,FAKE,1,REAL,0.4140423,0.5859577,0.5859577,False,12,FAKE_TO_REAL
0,FAKE,1,REAL,0.3682159,0.6317841,0.6317841,False,25,FAKE_TO_REAL
0,FAKE,1,REAL,0.49967802,0.5003219,0.5003219,False,11,FAKE_TO_REAL
0,FAKE,1,REAL,0.31210616,0.6878938,0.6878938,False,20,FAKE_TO_REAL
0,FAKE,1,REAL,0.47545195,0.52454805,0.52454805,False,12,FAKE_TO_REAL
0,FAKE,1,REAL,0.16064802,0.839352,0.839352,False,44,FAKE_TO_REAL
0,FAKE,1,REAL,0.23576824,0.76423174,0.76423174,False,15,FAKE_TO_REAL
0,FAKE,1,REAL,0.37935835,0.6206416,0.6206416,False,20,FAKE_TO_REAL
0,FAKE,1,REAL,0.37439546,0.62560457,0.62560457,False,50,FAKE_TO_REAL
1,REAL,0,FAKE,0.5041361,0.4958639,0.5041361,False,17,REAL_TO_FAKE
0,FAKE,1,REAL,0.49789262,0.5021074,0.5021074,False,38,FAKE_TO_REAL
0,FAKE,1,REAL,0.18644235,0.8135576,0.8135576,False,20,FAKE_TO_REAL
1,REAL,0,FAKE,0.7319398,0.26806027,0.7319398,False,24,REAL_TO_FAKE
0,FAKE,1,REAL,0.30147943,0.69852054,0.69852054,False,12,FAKE_TO_REAL
0,FAKE,1,REAL,0.26586115,0.73413885,0.73413885,False,26,FAKE_TO_REAL
0,FAKE,1,REAL,0.21399347,0.7860065,0.7860065,False,25,FAKE_TO_REAL
0,FAKE,1,REAL,0.3319165,0.6680834,0.6680834,False,17,FAKE_TO_REAL
1,REAL,0,FAKE,0.7061723,0.2938277,0.7061723,False,25,REAL_TO_FAKE
0,FAKE,1,REAL,0.30476964,0.69523036,0.69523036,False,20,FAKE_TO_REAL
0,FAKE,1,REAL,0.35252452,0.6474755,0.6474755,False,32,FAKE_TO_REAL
0,FAKE,1,REAL,0.18261366,0.8173863,0.8173863,False,22,FAKE_TO_REAL
0,FAKE,1,REAL,0.30258015,0.6974199,0.6974199,False,23,FAKE_TO_REAL
1,REAL,0,FAKE,0.5466661,0.4533339,0.5466661,False,30,REAL_TO_FAKE
0,FAKE,1,REAL,0.27179316,0.7282069,0.7282069,False,16,FAKE_TO_REAL
1,REAL,0,FAKE,0.8714576,0.1285424,0.8714576,False,12,REAL_TO_FAKE
0,FAKE,1,REAL,0.38174993,0.6182501,0.6182501,False,35,FAKE_TO_REAL
1,REAL,0,FAKE,0.6586451,0.34135494,0.6586451,False,16,REAL_TO_FAKE
0,FAKE,1,REAL,0.3144837,0.6855163,0.6855163,False,29,FAKE_TO_REAL
0,FAKE,1,REAL,0.2310079,0.7689921,0.7689921,False,19,FAKE_TO_REAL
0,FAKE,1,REAL,0.3936421,0.60635793,0.60635793,False,19,FAKE_TO_REAL
1,REAL,0,FAKE,0.53072095,0.4692791,0.53072095,False,20,REAL_TO_FAKE
1,REAL,0,FAKE,0.5236363,0.4763637,0.5236363,False,36,REAL_TO_FAKE
0,FAKE,1,REAL,0.40280628,0.5971937,0.5971937,False,14,FAKE_TO_REAL
0,FAKE,1,REAL,0.23169777,0.7683022,0.7683022,False,17,FAKE_TO_REAL
0,FAKE,1,REAL,0.44552407,0.55447596,0.55447596,False,21,FAKE_TO_REAL
0,FAKE,1,REAL,0.27469432,0.7253056,0.7253056,False,30,FAKE_TO_REAL
1,REAL,0,FAKE,0.63616484,0.36383513,0.63616484,False,34,REAL_TO_FAKE
0,FAKE,1,REAL,0.2279673,0.77203274,0.77203274,False,21,FAKE_TO_REAL
1,REAL,0,FAKE,0.6862682,0.31373173,0.6862682,False,35,REAL_TO_FAKE
0,FAKE,1,REAL,0.46320987,0.5367902,0.5367902,False,11,FAKE_TO_REAL
0,FAKE,1,REAL,0.44155362,0.5584464,0.5584464,False,32,FAKE_TO_REAL
0,FAKE,1,REAL,0.48208973,0.51791024,0.51791024,False,17,FAKE_TO_REAL
1,REAL,0,FAKE,0.6090192,0.39098072,0.6090192,False,24,REAL_TO_FAKE
0,FAKE,1,REAL,0.43351874,0.56648123,0.56648123,False,30,FAKE_TO_REAL
0,FAKE,1,REAL,0.33402842,0.6659716,0.6659716,False,24,FAKE_TO_REAL
0,FAKE,1,REAL,0.4342383,0.5657616,0.5657616,False,23,FAKE_TO_REAL
1,REAL,0,FAKE,0.5831751,0.4168249,0.5831751,False,42,REAL_TO_FAKE
1,REAL,0,FAKE,0.71955967,0.2804403,0.71955967,False,15,REAL_TO_FAKE
0,FAKE,1,REAL,0.49774823,0.50225174,0.50225174,False,23,FAKE_TO_REAL
0,FAKE,1,REAL,0.37931234,0.62068766,0.62068766,False,15,FAKE_TO_REAL
0,FAKE,1,REAL,0.2627508,0.7372492,0.7372492,False,26,FAKE_TO_REAL
0,FAKE,1,REAL,0.2820368,0.71796316,0.71796316,False,21,FAKE_TO_REAL
0,FAKE,1,REAL,0.15824746,0.8417525,0.8417525,False,19,FAKE_TO_REAL
0,FAKE,1,REAL,0.420435,0.5795649,0.5795649,False,18,FAKE_TO_REAL
1,REAL,0,FAKE,0.6907185,0.30928156,0.6907185,False,16,REAL_TO_FAKE
0,FAKE,1,REAL,0.23628388,0.7637161,0.7637161,False,25,FAKE_TO_REAL
1,REAL,0,FAKE,0.77775586,0.22224411,0.77775586,False,17,REAL_TO_FAKE
0,FAKE,1,REAL,0.46987027,0.5301297,0.5301297,False,24,FAKE_TO_REAL
1,REAL,0,FAKE,0.7425065,0.25749347,0.7425065,False,25,REAL_TO_FAKE
1,REAL,0,FAKE,0.6212245,0.37877548,0.6212245,False,34,REAL_TO_FAKE
0,FAKE,1,REAL,0.27275655,0.7272435,0.7272435,False,36,FAKE_TO_REAL
1,REAL,0,FAKE,0.5692116,0.4307884,0.5692116,False,33,REAL_TO_FAKE
0,FAKE,1,REAL,0.24111065,0.7588893,0.7588893,False,13,FAKE_TO_REAL
0,FAKE,1,REAL,0.45438844,0.54561156,0.54561156,False,23,FAKE_TO_REAL
0,FAKE,1,REAL,0.40849024,0.59150976,0.59150976,False,20,FAKE_TO_REAL
1,REAL,0,FAKE,0.6152891,0.38471085,0.6152891,False,13,REAL_TO_FAKE
1,REAL,0,FAKE,0.6418059,0.35819408,0.6418059,False,21,REAL_TO_FAKE
1,REAL,0,FAKE,0.50745064,0.49254936,0.50745064,False,25,REAL_TO_FAKE
0,FAKE,1,REAL,0.28213075,0.7178692,0.7178692,False,30,FAKE_TO_REAL
0,FAKE,1,REAL,0.43546653,0.5645335,0.5645335,False,28,FAKE_TO_REAL
0,FAKE,1,REAL,0.35467434,0.64532566,0.64532566,False,28,FAKE_TO_REAL
0,FAKE,1,REAL,0.3572805,0.6427195,0.6427195,False,43,FAKE_TO_REAL
1,REAL,0,FAKE,0.6755728,0.3244272,0.6755728,False,23,REAL_TO_FAKE
0,FAKE,1,REAL,0.3029755,0.6970245,0.6970245,False,30,FAKE_TO_REAL
1,REAL,0,FAKE,0.6187697,0.38123032,0.6187697,False,23,REAL_TO_FAKE
0,FAKE,1,REAL,0.22682475,0.77317524,0.77317524,False,50,FAKE_TO_REAL
1,REAL,0,FAKE,0.51130885,0.4886911,0.51130885,False,27,REAL_TO_FAKE
0,FAKE,1,REAL,0.45808104,0.541919,0.541919,False,23,FAKE_TO_REAL
1,REAL,0,FAKE,0.52718264,0.47281733,0.52718264,False,44,REAL_TO_FAKE
0,FAKE,1,REAL,0.18242723,0.8175728,0.8175728,False,25,FAKE_TO_REAL
1,REAL,0,FAKE,0.53426856,0.4657315,0.53426856,False,41,REAL_TO_FAKE
0,FAKE,1,REAL,0.49619013,0.50380987,0.50380987,False,35,FAKE_TO_REAL
1,REAL,0,FAKE,0.75819916,0.24180083,0.75819916,False,15,REAL_TO_FAKE
1,REAL,0,FAKE,0.7973339,0.20266613,0.7973339,False,28,REAL_TO_FAKE
1,REAL,0,FAKE,0.6809993,0.31900075,0.6809993,False,32,REAL_TO_FAKE
1,REAL,0,FAKE,0.6228343,0.3771657,0.6228343,False,18,REAL_TO_FAKE
0,FAKE,1,REAL,0.22569337,0.7743066,0.7743066,False,20,FAKE_TO_REAL
1,REAL,0,FAKE,0.66540307,0.33459693,0.66540307,False,31,REAL_TO_FAKE
0,FAKE,1,REAL,0.44142923,0.55857074,0.55857074,False,9,FAKE_TO_REAL
0,FAKE,1,REAL,0.2842673,0.71573275,0.71573275,False,21,FAKE_TO_REAL
1,REAL,0,FAKE,0.6698515,0.3301485,0.6698515,False,16,REAL_TO_FAKE
1,REAL,0,FAKE,0.64513177,0.35486826,0.64513177,False,35,REAL_TO_FAKE
1,REAL,0,FAKE,0.76948285,0.23051716,0.76948285,False,38,REAL_TO_FAKE
0,FAKE,1,REAL,0.32494342,0.6750566,0.6750566,False,48,FAKE_TO_REAL
0,FAKE,1,REAL,0.45500037,0.5449996,0.5449996,False,21,FAKE_TO_REAL
1,REAL,0,FAKE,0.534819,0.46518105,0.534819,False,128,REAL_TO_FAKE
0,FAKE,1,REAL,0.25781694,0.7421831,0.7421831,False,24,FAKE_TO_REAL
1,REAL,0,FAKE,0.56357396,0.43642607,0.56357396,False,19,REAL_TO_FAKE
0,FAKE,1,REAL,0.47901243,0.5209876,0.5209876,False,28,FAKE_TO_REAL
1,REAL,0,FAKE,0.6844488,0.31555122,0.6844488,False,14,REAL_TO_FAKE
1,REAL,0,FAKE,0.5859915,0.41400853,0.5859915,False,26,REAL_TO_FAKE
1,REAL,0,FAKE,0.53018373,0.46981627,0.53018373,False,54,REAL_TO_FAKE
1,REAL,0,FAKE,0.8108984,0.18910153,0.8108984,False,23,REAL_TO_FAKE
1,REAL,0,FAKE,0.6253521,0.3746479,0.6253521,False,30,REAL_TO_FAKE
0,FAKE,1,REAL,0.24991843,0.7500816,0.7500816,False,29,FAKE_TO_REAL
0,FAKE,1,REAL,0.17242256,0.8275775,0.8275775,False,19,FAKE_TO_REAL
0,FAKE,1,REAL,0.4165074,0.5834926,0.5834926,False,14,FAKE_TO_REAL
0,FAKE,1,REAL,0.4355952,0.5644048,0.5644048,False,22,FAKE_TO_REAL
1,REAL,0,FAKE,0.5114578,0.4885422,0.5114578,False,36,REAL_TO_FAKE
0,FAKE,1,REAL,0.36454123,0.6354588,0.6354588,False,14,FAKE_TO_REAL
0,FAKE,1,REAL,0.21398996,0.78601,0.78601,False,14,FAKE_TO_REAL
0,FAKE,1,REAL,0.34767032,0.6523297,0.6523297,False,38,FAKE_TO_REAL
0,FAKE,1,REAL,0.31502864,0.68497133,0.68497133,False,24,FAKE_TO_REAL
1,REAL,0,FAKE,0.5076666,0.4923334,0.5076666,False,11,REAL_TO_FAKE
0,FAKE,1,REAL,0.31648368,0.6835163,0.6835163,False,18,FAKE_TO_REAL
0,FAKE,1,REAL,0.42632854,0.5736714,0.5736714,False,46,FAKE_TO_REAL
1,REAL,0,FAKE,0.87027466,0.12972537,0.87027466,False,14,REAL_TO_FAKE
0,FAKE,1,REAL,0.21123454,0.7887655,0.7887655,False,19,FAKE_TO_REAL
1,REAL,0,FAKE,0.5804326,0.4195674,0.5804326,False,33,REAL_TO_FAKE
0,FAKE,1,REAL,0.35151553,0.64848447,0.64848447,False,28,FAKE_TO_REAL
0,FAKE,1,REAL,0.22345503,0.7765449,0.7765449,False,35,FAKE_TO_REAL
0,FAKE,1,REAL,0.14523798,0.854762,0.854762,False,12,FAKE_TO_REAL
1,REAL,0,FAKE,0.76979417,0.23020585,0.76979417,False,18,REAL_TO_FAKE
0,FAKE,1,REAL,0.47319067,0.52680933,0.52680933,False,24,FAKE_TO_REAL
1,REAL,0,FAKE,0.56665075,0.43334922,0.56665075,False,33,REAL_TO_FAKE
0,FAKE,1,REAL,0.41170925,0.58829075,0.58829075,False,26,FAKE_TO_REAL
1,REAL,0,FAKE,0.53691083,0.4630892,0.53691083,False,36,REAL_TO_FAKE
0,FAKE,1,REAL,0.19717428,0.80282575,0.80282575,False,13,FAKE_TO_REAL
1,REAL,0,FAKE,0.7662954,0.23370457,0.7662954,False,20,REAL_TO_FAKE
1,REAL,0,FAKE,0.5975828,0.40241715,0.5975828,False,24,REAL_TO_FAKE
0,FAKE,1,REAL,0.24605669,0.7539433,0.7539433,False,25,FAKE_TO_REAL
0,FAKE,1,REAL,0.22208561,0.7779144,0.7779144,False,15,FAKE_TO_REAL
0,FAKE,1,REAL,0.3261624,0.6738376,0.6738376,False,26,FAKE_TO_REAL
0,FAKE,1,REAL,0.3496845,0.65031546,0.65031546,False,18,FAKE_TO_REAL
0,FAKE,1,REAL,0.47442356,0.5255765,0.5255765,False,43,FAKE_TO_REAL
0,FAKE,1,REAL,0.38243872,0.6175613,0.6175613,False,24,FAKE_TO_REAL
1,REAL,0,FAKE,0.5472147,0.4527853,0.5472147,False,47,REAL_TO_FAKE
0,FAKE,1,REAL,0.32297042,0.6770296,0.6770296,False,34,FAKE_TO_REAL
1,REAL,0,FAKE,0.7403321,0.25966784,0.7403321,False,28,REAL_TO_FAKE
0,FAKE,1,REAL,0.44059452,0.5594055,0.5594055,False,28,FAKE_TO_REAL
1,REAL,0,FAKE,0.59838533,0.4016147,0.59838533,False,25,REAL_TO_FAKE
0,FAKE,1,REAL,0.4820301,0.5179699,0.5179699,False,33,FAKE_TO_REAL
0,FAKE,1,REAL,0.2003911,0.7996089,0.7996089,False,23,FAKE_TO_REAL
0,FAKE,1,REAL,0.35176194,0.64823806,0.64823806,False,20,FAKE_TO_REAL
1,REAL,0,FAKE,0.57342356,0.4265764,0.57342356,False,21,REAL_TO_FAKE
1,REAL,0,FAKE,0.697109,0.30289105,0.697109,False,21,REAL_TO_FAKE
1,REAL,0,FAKE,0.5884976,0.41150245,0.5884976,False,24,REAL_TO_FAKE
0,FAKE,1,REAL,0.33594835,0.66405165,0.66405165,False,27,FAKE_TO_REAL
0,FAKE,1,REAL,0.4547158,0.5452842,0.5452842,False,16,FAKE_TO_REAL
0,FAKE,1,REAL,0.27148584,0.72851413,0.72851413,False,13,FAKE_TO_REAL
0,FAKE,1,REAL,0.26287767,0.7371223,0.7371223,False,15,FAKE_TO_REAL
0,FAKE,1,REAL,0.2481907,0.75180924,0.75180924,False,35,FAKE_TO_REAL
0,FAKE,1,REAL,0.49832323,0.5016768,0.5016768,False,24,FAKE_TO_REAL
0,FAKE,1,REAL,0.37804398,0.621956,0.621956,False,20,FAKE_TO_REAL
0,FAKE,1,REAL,0.37843212,0.6215679,0.6215679,False,12,FAKE_TO_REAL
0,FAKE,1,REAL,0.41197243,0.5880276,0.5880276,False,18,FAKE_TO_REAL
1,REAL,0,FAKE,0.51313704,0.486863,0.51313704,False,48,REAL_TO_FAKE
1,REAL,0,FAKE,0.53314316,0.46685687,0.53314316,False,27,REAL_TO_FAKE
0,FAKE,1,REAL,0.47657186,0.52342814,0.52342814,False,14,FAKE_TO_REAL
0,FAKE,1,REAL,0.33848852,0.6615114,0.6615114,False,21,FAKE_TO_REAL
0,FAKE,1,REAL,0.3822849,0.6177151,0.6177151,False,24,FAKE_TO_REAL
1,REAL,0,FAKE,0.532288,0.46771201,0.532288,False,21,REAL_TO_FAKE
1,REAL,0,FAKE,0.83319235,0.16680762,0.83319235,False,13,REAL_TO_FAKE
1,REAL,0,FAKE,0.5895679,0.41043207,0.5895679,False,38,REAL_TO_FAKE
0,FAKE,1,REAL,0.31716245,0.68283755,0.68283755,False,27,FAKE_TO_REAL
0,FAKE,1,REAL,0.19395782,0.80604213,0.80604213,False,13,FAKE_TO_REAL
0,FAKE,1,REAL,0.2137766,0.78622335,0.78622335,False,22,FAKE_TO_REAL
0,FAKE,1,REAL,0.31781313,0.68218684,0.68218684,False,29,FAKE_TO_REAL
0,FAKE,1,REAL,0.35547352,0.64452654,0.64452654,False,29,FAKE_TO_REAL
1,REAL,0,FAKE,0.58801156,0.41198847,0.58801156,False,24,REAL_TO_FAKE
1,REAL,0,FAKE,0.8222208,0.17777921,0.8222208,False,22,REAL_TO_FAKE
0,FAKE,1,REAL,0.3893978,0.6106022,0.6106022,False,23,FAKE_TO_REAL
1,REAL,0,FAKE,0.67099667,0.32900333,0.67099667,False,22,REAL_TO_FAKE
0,FAKE,1,REAL,0.40375572,0.5962443,0.5962443,False,24,FAKE_TO_REAL
1,REAL,0,FAKE,0.58625257,0.41374743,0.58625257,False,26,REAL_TO_FAKE
1,REAL,0,FAKE,0.6215373,0.37846267,0.6215373,False,50,REAL_TO_FAKE
1,REAL,0,FAKE,0.520789,0.47921094,0.520789,False,37,REAL_TO_FAKE
0,FAKE,1,REAL,0.20429048,0.79570955,0.79570955,False,14,FAKE_TO_REAL
0,FAKE,1,REAL,0.27741796,0.72258204,0.72258204,False,25,FAKE_TO_REAL
1,REAL,0,FAKE,0.7188507,0.2811493,0.7188507,False,21,REAL_TO_FAKE
0,FAKE,1,REAL,0.46825367,0.5317463,0.5317463,False,23,FAKE_TO_REAL
0,FAKE,1,REAL,0.49769336,0.50230664,0.50230664,False,14,FAKE_TO_REAL
0,FAKE,1,REAL,0.28130436,0.71869564,0.71869564,False,47,FAKE_TO_REAL
1,REAL,0,FAKE,0.6403608,0.3596392,0.6403608,False,43,REAL_TO_FAKE
0,FAKE,1,REAL,0.411742,0.588258,0.588258,False,15,FAKE_TO_REAL
0,FAKE,1,REAL,0.4039121,0.59608793,0.59608793,False,25,FAKE_TO_REAL
0,FAKE,1,REAL,0.421929,0.578071,0.578071,False,29,FAKE_TO_REAL
1,REAL,0,FAKE,0.76894647,0.23105346,0.76894647,False,31,REAL_TO_FAKE
1,REAL,0,FAKE,0.5789896,0.42101032,0.5789896,False,48,REAL_TO_FAKE
0,FAKE,1,REAL,0.19546933,0.8045307,0.8045307,False,34,FAKE_TO_REAL
1,REAL,0,FAKE,0.5585077,0.44149235,0.5585077,False,11,REAL_TO_FAKE
0,FAKE,1,REAL,0.47988546,0.52011454,0.52011454,False,14,FAKE_TO_REAL
0,FAKE,1,REAL,0.36437422,0.6356258,0.6356258,False,24,FAKE_TO_REAL
1,REAL,0,FAKE,0.684277,0.31572297,0.684277,False,41,REAL_TO_FAKE
0,FAKE,1,REAL,0.31948042,0.6805196,0.6805196,False,33,FAKE_TO_REAL
0,FAKE,1,REAL,0.4345543,0.56544566,0.56544566,False,34,FAKE_TO_REAL
1,REAL,0,FAKE,0.5082801,0.49171993,0.5082801,False,31,REAL_TO_FAKE
1,REAL,0,FAKE,0.6514726,0.34852737,0.6514726,False,23,REAL_TO_FAKE
0,FAKE,1,REAL,0.4108205,0.5891795,0.5891795,False,21,FAKE_TO_REAL
0,FAKE,1,REAL,0.187937,0.81206304,0.81206304,False,19,FAKE_TO_REAL
0,FAKE,1,REAL,0.42922443,0.57077557,0.57077557,False,20,FAKE_TO_REAL
0,FAKE,1,REAL,0.21419895,0.785801,0.785801,False,33,FAKE_TO_REAL
0,FAKE,1,REAL,0.35673276,0.6432673,0.6432673,False,32,FAKE_TO_REAL
1,REAL,0,FAKE,0.6062189,0.3937811,0.6062189,False,28,REAL_TO_FAKE
1,REAL,0,FAKE,0.81495184,0.18504813,0.81495184,False,18,REAL_TO_FAKE
0,FAKE,1,REAL,0.33346,0.66653997,0.66653997,False,46,FAKE_TO_REAL
0,FAKE,1,REAL,0.23108657,0.76891345,0.76891345,False,40,FAKE_TO_REAL
0,FAKE,1,REAL,0.31324825,0.6867517,0.6867517,False,22,FAKE_TO_REAL
1,REAL,0,FAKE,0.7281495,0.27185053,0.7281495,False,16,REAL_TO_FAKE
0,FAKE,1,REAL,0.49011558,0.5098844,0.5098844,False,12,FAKE_TO_REAL
1,REAL,0,FAKE,0.52937126,0.47062874,0.52937126,False,17,REAL_TO_FAKE
1,REAL,0,FAKE,0.80255353,0.19744645,0.80255353,False,27,REAL_TO_FAKE
1,REAL,0,FAKE,0.5834275,0.41657248,0.5834275,False,8,REAL_TO_FAKE
0,FAKE,1,REAL,0.4579355,0.5420645,0.5420645,False,18,FAKE_TO_REAL
0,FAKE,1,REAL,0.33278438,0.66721565,0.66721565,False,31,FAKE_TO_REAL
0,FAKE,1,REAL,0.2450123,0.7549877,0.7549877,False,16,FAKE_TO_REAL
0,FAKE,1,REAL,0.3038526,0.6961474,0.6961474,False,10,FAKE_TO_REAL
